product_id,product_name,category,price,material,season,use_case,features,description,weight,waterproof,warmth,breathability,packability,target_user,official_url
1,トレントフライヤー ジャケット Men's,レインウェア,25500,GORE-TEX,"春,夏,秋","旅行,登山,アウトドア","軽量,防水,透湿,コンパクト",軽量で防水性と透湿性に優れたレインジャケット,233g,非常に高い,低,高,高い,"旅行者,登山者",https://webshop.montbell.jp/goods/disp.php?product_id=1128782
2,ドライテック ストレッチレインパンツ Men's,レインウェア,0,ドライテック,"春,夏,秋","旅行,登山,アウトドア","軽量,防水,ストレッチ,コンパクト",軽量で動きやすく、防水性に優れたレインパンツ,165g,非常に高い,低,高,高い,"旅行者,登山者",https://webshop.montbell.jp/goods/disp.php?product_id=1128784
3,スペリオダウン ラウンドネックジャケット Men's,ダウン,0,ダウン,"秋,冬","旅行,アウトドア,日常","軽量,保温,コンパクト",軽量で暖かく、持ち運びにも便利なダウンジャケット,要公式確認,低,高,中,非常に高い,"旅行者,アウトドア利用者",https://webshop.montbell.jp/goods/disp.php?product_id=1101666
4,メリノウールプラス ライト ロングスリーブT Men's,シャツ,0,メリノウール,"春,秋,冬","旅行,アウトドア,日常","保温,吸湿,軽量",メリノウールを使用した軽量な長袖シャツ,要公式確認,低,中,高,高い,"旅行者,アウトドア利用者",https://webshop.montbell.jp/goods/disp.php?product_id=1114606
5,クリマプラス100 ジャケット Men's,フリース,0,クリマプラス,"秋,冬","旅行,アウトドア,日常","保温,軽量,柔らかい",軽量で暖かいフリースジャケット,要公式確認,低,高,中,中,"旅行者,アウトドア利用者",https://webshop.montbell.jp/goods/disp.php?product_id=1106591
6,ストレッチO.D.パンツ Men's,パンツ,0,ナイロン,"春,夏,秋","旅行,登山,アウトドア","ストレッチ,動きやすい,軽量",動きやすく旅行やアウトドアに使いやすいパンツ,要公式確認,中,低,中,中,"旅行者,登山者",https://webshop.montbell.jp/goods/disp_fo.php?force=1&product_id=1105423
7,クールパーカ Men's,パーカー,0,ポリエステル,"春,夏","旅行,アウトドア,日常","涼しい,通気性,軽量,UV対策",暑い季節に使いやすい、涼しく軽量なパーカー,要公式確認,低,低,非常に高い,高い,"旅行者,アウトドア利用者",https://webshop.montbell.jp/goods/disp.php?product_id=1114636
8,ガレナパック 30,バックパック,0,ナイロン,"春,夏,秋,冬","旅行,登山,アウトドア","大容量,軽量,収納性",旅行やアウトドアに使いやすい30Lバックパック,要公式確認,低,なし,中,中,"旅行者,登山者",https://webshop.montbell.jp/goods/disp.php?product_id=1133163
9,トレールアクションパーカ Men's,パーカー,0,フリース,"秋,冬","旅行,登山,アウトドア","保温,ストレッチ,動きやすい",保温性と動きやすさを両立したアウトドア向けパーカー,要公式確認,低,高,中,中,"旅行者,登山者",https://webshop.montbell.jp/goods/disp.php?product_id=1106733
10,トレントフライヤー パンツ Men's,レインウェア,0,GORE-TEX,"春,夏,秋","旅行,登山,アウトドア","防水,軽量,コンパクト",雨の日の旅行やアウトドアに使える軽量レインパンツ,要公式確認,非常に高い,低,高,高い,"旅行者,登山者",https://webshop.montbell.jp/goods/disp_fo.php?force=1&product_id=1128561
